{"cameraMode":{"drawMode":0,"name":"Shaded","section":"Shading Mode"},"sceneLighting":true,"audioPlay":false,"sceneViewState":{"showFog":true,"showMaterialUpdate":true,"showSkybox":true,"showFlares":true,"showImageEffects":true,"showParticleSystems":true},"in2DMode":false,"pivot":{"x":73.0,"y":218.20005798339845,"z":105.60636901855469},"rotation":{"x":-0.2700873911380768,"y":-0.3237137794494629,"z":0.0968967080116272,"w":-0.9017252922058106},"size":231.92417907714845,"orthographic":true}