{"cameraMode":{"drawMode":0,"name":"Shaded","section":"Shading Mode"},"sceneLighting":false,"audioPlay":false,"sceneViewState":{"showFog":true,"showMaterialUpdate":true,"showSkybox":true,"showFlares":true,"showImageEffects":true,"showParticleSystems":true},"in2DMode":false,"pivot":{"x":-624.7103271484375,"y":1182.896728515625,"z":1763.8638916015625},"rotation":{"x":0.4796248972415924,"y":0.39632347226142886,"z":-0.2570597529411316,"w":0.7394646406173706},"size":3855.81640625,"orthographic":true}