{"cameraMode":{"drawMode":0,"name":"Shaded","section":"Shading Mode"},"sceneLighting":false,"audioPlay":false,"sceneViewState":{"showFog":true,"showMaterialUpdate":true,"showSkybox":true,"showFlares":true,"showImageEffects":true,"showParticleSystems":true},"in2DMode":false,"pivot":{"x":149.0,"y":48.89162063598633,"z":67.43657684326172},"rotation":{"x":0.2843250334262848,"y":-0.18488724529743195,"z":0.05597984045743942,"w":0.9390662908554077},"size":43.27841567993164,"orthographic":true}