{"cameraMode":{"drawMode":2,"name":"Shaded Wireframe","section":"Shading Mode"},"sceneLighting":true,"audioPlay":false,"sceneViewState":{"showFog":true,"showMaterialUpdate":false,"showSkybox":true,"showFlares":true,"showImageEffects":true,"showParticleSystems":true},"in2DMode":false,"pivot":{"x":-50.399993896484378,"y":163.6999969482422,"z":100.0},"rotation":{"x":0.19430699944496156,"y":0.7653626203536987,"z":-0.26987606287002566,"w":0.5510455965995789},"size":40.748268127441409,"orthographic":true}