{"cameraMode":{"drawMode":0,"name":"Shaded","section":"Shading Mode"},"sceneLighting":false,"audioPlay":false,"sceneViewState":{"showFog":true,"showMaterialUpdate":true,"showSkybox":false,"showFlares":true,"showImageEffects":true,"showParticleSystems":true},"in2DMode":false,"pivot":{"x":121.2578125,"y":38.209999084472659,"z":168.984375},"rotation":{"x":0.058764077723026279,"y":0.9386903643608093,"z":-0.2000313550233841,"w":0.27503278851509097},"size":1.709627389907837,"orthographic":true}