{"cameraMode":{"drawMode":2,"name":"Shaded Wireframe","section":"Shading Mode"},"sceneLighting":true,"audioPlay":false,"sceneViewState":{"showFog":true,"showMaterialUpdate":true,"showSkybox":true,"showFlares":true,"showImageEffects":true,"showParticleSystems":true},"in2DMode":false,"pivot":{"x":151.56646728515626,"y":-4.5224609375,"z":54.671875},"rotation":{"x":0.3935409188270569,"y":0.34471896290779116,"z":-0.16184817254543305,"w":0.8368245959281921},"size":115.56074523925781,"orthographic":true}