{"cameraMode":{"drawMode":0,"name":"Shaded","section":"Shading Mode"},"sceneLighting":false,"audioPlay":false,"sceneViewState":{"showFog":true,"showMaterialUpdate":false,"showSkybox":true,"showFlares":true,"showImageEffects":true,"showParticleSystems":true},"in2DMode":false,"pivot":{"x":1.453125,"y":-47.400001525878909,"z":-1.624267578125},"rotation":{"x":0.24086326360702516,"y":-0.6655281782150269,"z":0.24142290651798249,"w":0.6639475226402283},"size":686.9722290039063,"orthographic":true}