{"cameraMode":{"drawMode":0,"name":"Shaded","section":"Shading Mode"},"sceneLighting":false,"audioPlay":false,"sceneViewState":{"showFog":true,"showMaterialUpdate":false,"showSkybox":true,"showFlares":true,"showImageEffects":true,"showParticleSystems":true},"in2DMode":false,"pivot":{"x":-65.87999725341797,"y":142.52999877929688,"z":95.48999786376953},"rotation":{"x":0.20417571067810059,"y":-0.7879747152328491,"z":0.3434152901172638,"w":0.4684853255748749},"size":10.0,"orthographic":true}