{"cameraMode":{"drawMode":0,"name":"Shaded","section":"Shading Mode"},"sceneLighting":false,"audioPlay":false,"sceneViewState":{"showFog":true,"showMaterialUpdate":true,"showSkybox":false,"showFlares":true,"showImageEffects":true,"showParticleSystems":true},"in2DMode":false,"pivot":{"x":121.40960693359375,"y":39.76416015625,"z":168.30078125},"rotation":{"x":0.11149932444095612,"y":0.8585419654846191,"z":-0.21091695129871369,"w":0.45385992527008059},"size":4.341982841491699,"orthographic":true}