{"cameraMode":{"drawMode":0,"name":"Shaded","section":"Shading Mode"},"sceneLighting":false,"audioPlay":false,"sceneViewState":{"showFog":true,"showMaterialUpdate":true,"showSkybox":false,"showFlares":true,"showImageEffects":true,"showParticleSystems":true},"in2DMode":false,"pivot":{"x":121.40960693359375,"y":39.76416015625,"z":168.30078125},"rotation":{"x":0.0014965379377827049,"y":0.7814564108848572,"z":-0.0018738824874162675,"w":0.6239556670188904},"size":4.341982841491699,"orthographic":true}