{"cameraMode":{"drawMode":0,"name":"Shaded","section":"Shading Mode"},"sceneLighting":false,"audioPlay":false,"sceneViewState":{"showFog":true,"showMaterialUpdate":true,"showSkybox":true,"showFlares":true,"showImageEffects":true,"showParticleSystems":true},"in2DMode":false,"pivot":{"x":124.3486328125,"y":36.2734375,"z":167.81289672851563},"rotation":{"x":0.1994299590587616,"y":0.6891297101974487,"z":-0.20631161332130433,"w":0.6655877828598023},"size":78.25752258300781,"orthographic":true}