{"cameraMode":{"drawMode":0,"name":"Shaded","section":"Shading Mode"},"sceneLighting":true,"audioPlay":false,"sceneViewState":{"showFog":true,"showMaterialUpdate":true,"showSkybox":true,"showFlares":true,"showImageEffects":true,"showParticleSystems":true},"in2DMode":false,"pivot":{"x":113.19999694824219,"y":20.600000381469728,"z":38.0},"rotation":{"x":0.09566593170166016,"y":0.8877291083335877,"z":-0.21442283689975739,"w":0.39609554409980776},"size":172.9551544189453,"orthographic":true}