{"cameraMode":{"drawMode":1,"name":"Wireframe","section":"Shading Mode"},"sceneLighting":false,"audioPlay":false,"sceneViewState":{"showFog":true,"showMaterialUpdate":true,"showSkybox":true,"showFlares":true,"showImageEffects":true,"showParticleSystems":true},"in2DMode":false,"pivot":{"x":149.0,"y":48.89162063598633,"z":67.43657684326172},"rotation":{"x":0.14479342103004456,"y":-0.5873063802719116,"z":0.10778257995843888,"w":0.7889817953109741},"size":15.048053741455079,"orthographic":true}