{"cameraMode":{"drawMode":0,"name":"Shaded","section":"Shading Mode"},"sceneLighting":true,"audioPlay":false,"sceneViewState":{"showFog":true,"showMaterialUpdate":false,"showSkybox":true,"showFlares":true,"showImageEffects":true,"showParticleSystems":true},"in2DMode":false,"pivot":{"x":-5.08740234375,"y":0.73486328125,"z":4.688629150390625},"rotation":{"x":0.1663719117641449,"y":-0.4638995826244354,"z":0.08916663378477097,"w":0.865551233291626},"size":3.0830836296081545,"orthographic":true}